timestamp,price_inr_per_kwh,solar_kw,wind_kw,demand_kw,battery_kw,soc,grid_import_kw,grid_export_kw,renewable_used_kw,cost_inr,co2_kg,grid_only_cost_inr,grid_only_co2_kg,rationale,llm_calls,llm_tokens
2024-04-08 00:00:00,4.0,0.0,14.086,40.405,25.0,0.7371708245126285,51.319,0.0,14.086,205.276,42.08158,161.62,33.1321,Charge the battery at the maximum rate during the off-peak hour to utilize the low tariff and available capacity.,1,351
2024-04-08 01:00:00,4.0,0.0,1.049,37.122,22.43416490252568,0.95,58.50716490252568,0.0,1.049,234.02865961010272,47.97587522007105,148.488,30.44004,Charge the battery at maximum rate during off-peak hours to utilize cheap grid energy and available capacity.,1,349
2024-04-08 02:00:00,4.0,0.0,5.748,37.042,0.0,0.95,31.294,0.0,5.748,125.176,25.66108,148.168,30.37444,"The battery is nearly full, so it should remain idle to avoid exceeding the maximum state-of-charge.",1,348
2024-04-08 03:00:00,4.0,0.0,0.298,35.398,0.0,0.95,35.1,0.0,0.298,140.4,28.782,141.592,29.02636,"The battery is nearly fully charged, so no charging is possible and discharging is not beneficial during an off-peak hour.",1,352
2024-04-08 04:00:00,4.0,0.0,0.141,36.698,0.0,0.95,36.557,0.0,0.141,146.228,29.97674,146.792,30.09236,"The battery is nearly full, so no charging is possible, and discharging is not beneficial during an off-peak hour.",1,352
2024-04-08 05:00:00,4.0,0.0,7.695,43.369,0.0,0.95,35.674,0.0,7.695,142.696,29.252679999999998,173.476,35.56258,"The battery is nearly full, so it should remain idle to avoid overcharging.",1,343
2024-04-08 06:00:00,6.0,1.004,5.198,46.623,0.0,0.95,40.421,0.0,6.202,242.526,33.145219999999995,279.738,38.23085999999999,"The battery is nearly fully charged, so it should remain idle to avoid overcharging.",1,342
2024-04-08 07:00:00,6.0,10.201,0.0,54.989,0.0,0.95,44.788,0.0,10.201,268.72799999999995,36.72615999999999,329.93399999999997,45.090979999999995,"The battery is nearly fully charged and cannot charge further, so it should remain idle this hour.",1,344
2024-04-08 08:00:00,6.0,15.427,16.738,54.319,0.0,0.95,22.154000000000003,0.0,32.165,132.92400000000004,18.16628,325.914,44.541579999999996,"The battery is nearly full, so it should remain idle to avoid exceeding the maximum state-of-charge.",1,346
2024-04-08 09:00:00,8.0,25.921,0.783,53.136,-25.0,0.686476861652635,1.4320000000000022,0.0,26.704,11.456000000000017,1.1742400000000017,425.088,43.57152,Discharge the battery at maximum rate to reduce peak grid import and associated costs.,1,341
2024-04-08 10:00:00,8.0,26.869,5.262,47.497,-25.0,0.42295372330527004,0.0,9.634,32.131,-28.902,0.0,379.976,38.94754,Discharge the battery at maximum rate to reduce peak hour grid import and associated costs.,1,342
2024-04-08 11:00:00,8.0,23.768,0.579,41.603,-21.151247353788527,0.19999999999999998,0.0,3.895247353788527,24.347,-11.68574206136558,0.0,332.824,34.11446,Discharge the battery at maximum rate to reduce peak hour grid import and lower electricity cost.,1,345
2024-04-08 12:00:00,6.0,21.344,0.016,41.73,0.0,0.19999999999999998,20.369999999999997,0.0,21.36,122.21999999999998,16.7034,250.38,34.218599999999995,The battery should not charge or discharge since the grid import price is normal and the solar and wind generation is not sufficient to meet the demand.,1,354
2024-04-08 13:00:00,6.0,27.443,7.479,39.151,0.0,0.19999999999999998,4.228999999999999,0.0,34.922000000000004,25.373999999999995,3.467779999999999,234.906,32.10382,"The battery should be idle as the grid import price is normal and there is a net deficit of energy, so discharging is not beneficial and charging is not necessary.",1,359
2024-04-08 14:00:00,6.0,25.469,14.618,39.101,0.0,0.19999999999999998,0.0,0.9860000000000042,39.101,-2.9580000000000126,0.0,234.606,32.062819999999995,The battery should remain idle since the grid import price is normal and there's a significant net demand to be met.,1,349
2024-04-08 15:00:00,6.0,23.843,1.152,36.675,0.0,0.19999999999999998,11.679999999999996,0.0,24.995,70.07999999999998,9.577599999999997,220.04999999999998,30.073499999999996,The battery should be idle as the grid import price is normal and there is a significant deficit in local generation to meet demand.,1,351
2024-04-08 16:00:00,6.0,17.918,0.105,46.95,0.0,0.19999999999999998,28.927000000000003,0.0,18.023,173.562,23.72014,281.70000000000005,38.499,The battery should be idle since the grid import price is normal and there is a significant net demand that needs to be met from the grid.,1,354
2024-04-08 17:00:00,6.0,9.937,7.345,54.359,0.0,0.19999999999999998,37.077,0.0,17.282,222.462,30.403139999999997,326.154,44.57438,The battery should remain idle as the grid import price is normal and there is a significant net demand that needs to be met from the grid.,1,354
2024-04-08 18:00:00,8.0,1.044,4.108,62.358,0.0,0.19999999999999998,57.205999999999996,0.0,5.151999999999999,457.64799999999997,46.908919999999995,498.864,51.133559999999996,Discharge the battery at maximum rate to reduce peak hour grid import and lower electricity cost.,1,344
2024-04-08 19:00:00,8.0,0.0,0.0,61.411,0.0,0.19999999999999998,61.411,0.0,0.0,491.288,50.35702,491.288,50.35702,Discharge the battery at maximum rate to reduce peak hour grid import and lower electricity cost.,1,344
2024-04-08 20:00:00,8.0,0.0,0.0,59.995,0.0,0.19999999999999998,59.995,0.0,0.0,479.96,49.195899999999995,479.96,49.195899999999995,Discharge the battery at maximum rate to reduce peak hour grid import and lower electricity cost.,1,344
2024-04-08 21:00:00,8.0,0.0,1.736,49.983,0.0,0.19999999999999998,48.247,0.0,1.736,385.976,39.56254,399.864,40.986059999999995,Discharge the battery at maximum rate to reduce peak hour grid import and associated costs.,1,345
2024-04-08 22:00:00,4.0,0.0,1.109,42.89,25.0,0.43717082451262845,66.781,0.0,1.109,267.124,54.76042,171.56,35.169799999999995,Charging the battery at the off-peak tariff is optimal to utilize the available capacity and prepare for potential peak hours ahead.,1,353
2024-04-08 23:00:00,4.0,0.0,3.331,42.409,25.0,0.674341649025257,64.078,0.0,3.331,256.312,52.54396,169.636,34.77538,Charging the battery at the off-peak tariff is optimal to utilize excess capacity and prepare for potential peak hours ahead.,1,351
2024-04-09 00:00:00,4.0,0.0,0.288,40.533,25.0,0.9115124735378854,65.245,0.0,0.288,260.98,53.5009,162.132,33.23706,Charge the battery at the off-peak tariff to utilize excess capacity and prepare for potential peak hours.,1,347
2024-04-09 01:00:00,4.0,0.0,0.0,40.604,0.0,0.9115124735378854,40.604,0.0,0.0,162.416,33.29528,162.416,33.29528,"The battery is nearly full and the grid price is low, so there's no need to charge or discharge.",1,349
2024-04-09 02:00:00,4.0,0.0,7.479,38.883,0.0,0.9115124735378854,31.404000000000003,0.0,7.479,125.61600000000001,25.75128,155.532,31.88406,"The battery is nearly full and it's off-peak, so there's no need to charge or discharge.",1,349
2024-04-09 03:00:00,4.0,0.0,0.554,42.162,4.056941504209468,0.95,45.664941504209466,0.0,0.554,182.65976601683786,37.44525203345176,168.648,34.57284,Charge the battery at the maximum rate during the off-peak hour to utilize the low tariff and available capacity.,1,351
2024-04-09 04:00:00,4.0,0.0,1.307,37.729,0.0,0.95,36.422,0.0,1.307,145.688,29.866039999999995,150.916,30.937779999999997,"The battery is nearly full, so no charging is recommended to avoid exceeding the maximum state-of-charge.",1,348
2024-04-09 05:00:00,4.0,0.0,2.378,42.233,0.0,0.95,39.855,0.0,2.378,159.42,32.681099999999994,168.932,34.63106,"The battery is nearly fully charged, so no action is needed to avoid exceeding the maximum state of charge.",1,348
2024-04-09 06:00:00,6.0,0.928,1.197,42.764,0.0,0.95,40.639,0.0,2.125,243.834,33.32398,256.584,35.06648,"The battery is nearly fully charged, so no action is needed to avoid exceeding the maximum state-of-charge.",1,347
2024-04-09 07:00:00,6.0,11.184,2.987,46.126,0.0,0.95,31.955,0.0,14.171,191.73,26.203099999999996,276.756,37.823319999999995,"The battery is nearly fully charged, so no action is needed to avoid exceeding the maximum state of charge.",1,346
2024-04-09 08:00:00,6.0,14.81,9.018,55.037,0.0,0.95,31.208999999999996,0.0,23.828000000000003,187.25399999999996,25.591379999999994,330.222,45.13034,"The battery is nearly fully charged, so no action is needed to avoid exceeding the maximum state-of-charge.",1,347
2024-04-09 09:00:00,8.0,27.389,0.174,52.172,-25.0,0.686476861652635,0.0,0.3910000000000018,27.563,-1.1730000000000054,0.0,417.376,42.78104,Discharge the battery at maximum rate to reduce peak hour grid import and lower cost.,1,342
2024-04-09 10:00:00,8.0,34.359,4.145,45.87,-25.0,0.42295372330527004,0.0,17.634000000000007,38.504000000000005,-52.90200000000002,0.0,366.96,37.6134,Discharge the battery at maximum rate to reduce peak hour grid import and lower cost.,1,344
2024-04-09 11:00:00,8.0,31.823,11.37,40.072,-21.151247353788527,0.19999999999999998,0.0,24.272247353788522,40.072,-72.81674206136557,0.0,320.576,32.85904,Discharge the battery at maximum rate to reduce peak hour grid import and associated costs.,1,342
2024-04-09 12:00:00,6.0,23.961,0.402,39.292,0.0,0.19999999999999998,14.929000000000002,0.0,24.363,89.57400000000001,12.24178,235.752,32.21944,The battery should not charge or discharge as the grid import price is normal and there's a significant net demand to be met.,1,351
2024-04-09 13:00:00,6.0,32.172,13.925,41.828,0.0,0.19999999999999998,0.0,4.268999999999991,41.828,-12.806999999999974,0.0,250.96800000000002,34.29896,"The net demand is already higher than the available renewable energy, so the battery should not discharge and should remain idle to avoid further increasing the grid import.",1,356
2024-04-09 14:00:00,6.0,29.935,0.671,40.58,25.0,0.43717082451262845,34.974000000000004,0.0,30.605999999999998,209.84400000000002,28.67868,243.48,33.2756,Charge the battery at maximum rate to utilize excess capacity and prepare for potential future peak hours.,1,344
2024-04-09 15:00:00,6.0,18.375,4.37,39.852,-22.499999999999996,0.2,0.0,5.393000000000001,22.745,-16.179000000000002,0.0,239.11199999999997,32.678639999999994,Discharge the battery at maximum rate to meet the high demand and reduce grid import at normal tariff.,1,347
2024-04-09 16:00:00,6.0,18.11,0.797,41.091,0.0,0.2,22.184,0.0,18.907,133.104,18.19088,246.546,33.69462,The battery should be idle since the grid import price is normal and there's a significant net demand that needs to be met from the grid.,1,353
2024-04-09 17:00:00,6.0,10.021,0.418,51.013,25.0,0.43717082451262845,65.574,0.0,10.439,393.44399999999996,53.77068,306.078,41.830659999999995,Charging the battery at maximum rate is optimal to utilize excess capacity and prepare for potential future peak hours.,1,346
2024-04-09 18:00:00,8.0,1.121,2.707,62.748,-22.499999999999996,0.2,36.42,0.0,3.828,291.36,29.8644,501.984,51.453359999999996,Discharge the battery at maximum rate to reduce peak hour grid import and lower cost.,1,342
2024-04-09 19:00:00,8.0,0.0,0.0,61.993,0.0,0.2,61.993,0.0,0.0,495.944,50.83426,495.944,50.83426,Discharge the battery at maximum rate to reduce peak hour grid import and associated costs.,1,342
2024-04-09 20:00:00,8.0,0.0,0.0,61.42,0.0,0.2,61.42,0.0,0.0,491.36,50.364399999999996,491.36,50.364399999999996,Discharge the battery at maximum rate to reduce peak hour grid import and associated costs.,1,342
2024-04-09 21:00:00,8.0,0.0,1.117,54.444,0.0,0.2,53.327000000000005,0.0,1.117,426.61600000000004,43.72814,435.552,44.64408,Discharge the battery at maximum rate to reduce peak hour grid import and associated costs.,1,344
2024-04-09 22:00:00,4.0,0.0,7.888,46.005,25.0,0.43717082451262845,63.117000000000004,0.0,7.888,252.46800000000002,51.75594,184.02,37.7241,Charge the battery at maximum rate during off-peak hours to utilize cheap grid energy and prepare for potential peak hours later.,1,351
2024-04-09 23:00:00,4.0,0.0,0.026,41.21,25.0,0.674341649025257,66.184,0.0,0.026,264.736,54.27088,164.84,33.7922,Charging the battery at the off-peak tariff is optimal to utilize the available capacity and prepare for potential peak hours ahead.,1,352
2024-04-10 00:00:00,4.0,0.0,10.648,36.671,25.0,0.9115124735378854,51.022999999999996,0.0,10.648,204.09199999999998,41.83886,146.684,30.07022,Charge the battery at the maximum rate during the off-peak hour to utilize the low tariff and available capacity.,1,349
2024-04-10 01:00:00,4.0,0.0,0.999,42.455,4.056941504209468,0.95,45.512941504209465,0.0,0.999,182.05176601683786,37.32061203345176,169.82,34.8131,Charge the battery at the maximum rate to utilize the off-peak tariff and available capacity.,1,345
2024-04-10 02:00:00,4.0,0.0,5.725,36.094,0.0,0.95,30.369,0.0,5.725,121.476,24.902579999999997,144.376,29.59708,"The battery is nearly fully charged, so no action is needed to avoid exceeding the maximum state of charge.",1,348
2024-04-10 03:00:00,4.0,0.0,1.032,40.311,0.0,0.95,39.278999999999996,0.0,1.032,157.11599999999999,32.20878,161.244,33.05502,"The battery is nearly fully charged, so no charging or discharging is recommended to avoid exceeding the maximum state-of-charge limit.",1,353
2024-04-10 04:00:00,4.0,0.0,1.041,40.176,0.0,0.95,39.135000000000005,0.0,1.041,156.54000000000002,32.090700000000005,160.704,32.94432,"The battery is nearly full, so it should remain idle to avoid exceeding the maximum state-of-charge.",1,348
2024-04-10 05:00:00,4.0,0.0,1.77,41.666,0.0,0.95,39.895999999999994,0.0,1.77,159.58399999999997,32.71471999999999,166.664,34.16611999999999,"The battery is nearly full, so it should remain idle to avoid overcharging.",1,343
2024-04-10 06:00:00,6.0,1.032,0.0,45.16,0.0,0.95,44.128,0.0,1.032,264.76800000000003,36.18496,270.96,37.0312,"The battery is nearly full, so it cannot charge and should remain idle to avoid exceeding its limits.",1,345
2024-04-10 07:00:00,6.0,6.764,3.063,49.454,0.0,0.95,39.627,0.0,9.827,237.762,32.49414,296.724,40.552279999999996,"The battery is nearly full, so no charging is recommended to avoid exceeding the maximum state-of-charge.",1,346
2024-04-10 08:00:00,6.0,17.176,1.135,53.704,0.0,0.95,35.393,0.0,18.311,212.358,29.02226,322.224,44.037279999999996,"The battery is nearly fully charged and cannot charge further, so it should remain idle this hour.",1,344
2024-04-10 09:00:00,8.0,17.306,0.141,50.864,-25.0,0.686476861652635,8.417000000000002,0.0,17.447,67.33600000000001,6.901940000000001,406.912,41.708479999999994,Discharge the battery at maximum rate to reduce peak hour grid import and associated costs.,1,344
2024-04-10 10:00:00,8.0,26.614,0.0,46.141,-15.0,0.528362978644216,4.5269999999999975,0.0,26.614,36.21599999999998,3.7121399999999976,369.128,37.83562,Discharge the battery to meet the net demand and reduce grid import at peak tariff.,1,344
2024-04-10 11:00:00,8.0,28.282,3.873,42.226,-25.0,0.26483984029685104,0.0,14.929000000000002,32.155,-44.787000000000006,0.0,337.808,34.625319999999995,Discharge the battery at maximum rate to reduce peak hour grid import and associated costs.,1,344
2024-04-10 12:00:00,6.0,19.048,0.075,39.197,0.0,0.26483984029685104,20.074000000000005,0.0,19.122999999999998,120.44400000000003,16.460680000000004,235.18200000000002,32.14154,"The battery should be idle since the grid import price is normal and there's a net deficit of energy, but the battery's state of charge is low and can be charged later when surplus energy is available or during off-peak hours.",1,372
2024-04-10 13:00:00,6.0,37.506,4.089,38.867,0.0,0.26483984029685104,0.0,2.7280000000000015,38.867,-8.184000000000005,0.0,233.202,31.870939999999997,"The battery should be idle since the grid import price is normal and there's a net deficit of 4.3 kW, so it's better to import from the grid than to discharge the battery.",1,365
2024-04-10 14:00:00,6.0,31.583,1.215,41.189,0.0,0.26483984029685104,8.390999999999998,0.0,32.798,50.34599999999999,6.880619999999998,247.13400000000001,33.77498,"The battery should be idle since the grid import price is normal and there's a net deficit, but the battery's state of charge is low and should be charged when the price is lower or there's surplus energy.",1,368
2024-04-10 15:00:00,6.0,23.934,0.269,37.204,0.0,0.26483984029685104,13.001000000000001,0.0,24.203,78.006,10.660820000000001,223.224,30.507279999999998,The battery should be idle since the grid import price is normal and there is a significant net demand that cannot be met by charging the battery.,1,353
2024-04-10 16:00:00,6.0,15.27,0.888,41.702,-6.1512473537885235,0.2,19.392752646211473,0.0,16.158,116.35651587726883,15.902057169893407,250.212,34.19564,Discharge the battery at maximum rate to reduce grid import during a normal tariff hour.,1,342
2024-04-10 17:00:00,6.0,8.455,0.0,50.068,25.0,0.43717082451262845,66.613,0.0,8.455,399.678,54.622659999999996,300.408,41.05575999999999,Charge the battery at maximum rate to utilize excess energy and prepare for potential future peak hours.,1,343
2024-04-10 18:00:00,8.0,1.215,0.113,61.914,-22.499999999999996,0.2,38.086,0.0,1.328,304.688,31.23052,495.312,50.76948,Discharge the battery at maximum rate to reduce peak hour grid import and associated costs.,1,342
2024-04-10 19:00:00,8.0,0.0,2.987,58.981,0.0,0.2,55.994,0.0,2.987,447.952,45.915079999999996,471.848,48.364419999999996,Discharge the battery at maximum rate to reduce peak hour grid import and associated costs.,1,342
2024-04-10 20:00:00,8.0,0.0,12.087,60.043,0.0,0.2,47.956,0.0,12.087,383.648,39.32392,480.344,49.23526,Discharge the battery at maximum rate to reduce peak hour grid import and associated costs.,1,342
2024-04-10 21:00:00,8.0,0.0,0.0,51.342,0.0,0.2,51.342,0.0,0.0,410.736,42.10044,410.736,42.10044,Discharge the battery at maximum rate to reduce peak hour grid import and lower cost.,1,342
2024-04-10 22:00:00,4.0,0.0,0.0,46.427,25.0,0.43717082451262845,71.42699999999999,0.0,0.0,285.70799999999997,58.57013999999999,185.708,38.070139999999995,Charging the battery at the off-peak tariff is optimal to utilize the available capacity and prepare for potential future peak hours.,1,352
2024-04-10 23:00:00,4.0,0.0,16.113,41.1,25.0,0.674341649025257,49.987,0.0,16.113,199.948,40.98934,164.4,33.702,Charging the battery at the off-peak tariff is optimal to utilize the available capacity and prepare for potential peak hours ahead.,1,352
2024-04-11 00:00:00,4.0,0.0,2.808,38.501,25.0,0.9115124735378854,60.693,0.0,2.808,242.772,49.76826,154.004,31.570819999999998,Charge the battery at the off-peak tariff to utilize excess capacity and prepare for potential peak hours.,1,347
2024-04-11 01:00:00,4.0,0.0,10.053,37.202,0.0,0.9115124735378854,27.148999999999997,0.0,10.053,108.59599999999999,22.262179999999997,148.808,30.505639999999996,"The battery is already near full charge, so there's no need to charge it during this off-peak hour.",1,350
2024-04-11 02:00:00,4.0,0.0,6.048,39.421,0.0,0.9115124735378854,33.373,0.0,6.048,133.492,27.365859999999998,157.684,32.325219999999995,"The battery is near full capacity and the grid price is low, so there's no need to charge or discharge.",1,350
2024-04-11 03:00:00,4.0,0.0,0.726,40.997,0.0,0.9115124735378854,40.271,0.0,0.726,161.084,33.02222,163.988,33.61754,"The battery is nearly full and the grid price is low, so no action is needed.",1,345
2024-04-11 04:00:00,4.0,0.0,7.187,41.044,0.0,0.9115124735378854,33.857,0.0,7.187,135.428,27.762739999999997,164.176,33.656079999999996,"The battery is nearly full and the grid price is low, so there's no need to charge or discharge.",1,349
2024-04-11 05:00:00,4.0,0.0,0.0,39.711,0.0,0.9115124735378854,39.711,0.0,0.0,158.844,32.563019999999995,158.844,32.563019999999995,"The battery is nearly full and the grid price is low, so there's no need to charge or discharge.",1,349
2024-04-11 06:00:00,6.0,1.284,0.0,43.67,0.0,0.9115124735378854,42.386,0.0,1.284,254.31600000000003,34.75652,262.02,35.8094,"The battery is nearly full and the grid price is normal, so no action is needed.",1,343
2024-04-11 07:00:00,6.0,10.047,0.0,52.804,0.0,0.9115124735378854,42.757000000000005,0.0,10.047,256.54200000000003,35.06074,316.824,43.299279999999996,"The battery is nearly full and the grid import price is normal, so no action is needed.",1,344
2024-04-11 08:00:00,6.0,19.163,4.351,59.951,0.0,0.9115124735378854,36.437,0.0,23.514,218.62199999999999,29.878339999999998,359.706,49.159819999999996,"The battery is near full capacity and the grid import price is normal, so no action is needed.",1,345
2024-04-11 09:00:00,8.0,19.452,0.293,52.307,-25.0,0.6479893351905205,7.561999999999998,0.0,19.745,60.49599999999998,6.200839999999998,418.456,42.89174,Discharge the battery at maximum rate to reduce peak hour grid import and associated costs.,1,344
2024-04-11 10:00:00,8.0,28.101,15.894,47.079,-14.2,0.4983081926092172,0.0,11.115999999999996,43.995,-33.347999999999985,0.0,376.632,38.60478,Discharge the battery to meet the net demand and reduce grid import during peak tariff hours.,1,345
2024-04-11 11:00:00,8.0,33.73,7.75,42.012,-25.0,0.23478505426185226,0.0,24.467999999999996,41.48,-73.404,0.0,336.096,34.44984,Discharge the battery at maximum rate to reduce peak hour grid import and associated costs.,1,342
2024-04-11 12:00:00,6.0,31.914,3.562,40.113,0.0,0.23478505426185226,4.6370000000000005,0.0,35.476,27.822000000000003,3.80234,240.678,32.89266,"The battery should be idle since the grid import price is normal and there is a net deficit of 5.2 kW, but the battery has limited discharge capacity available.",1,359
2024-04-11 13:00:00,6.0,32.404,1.074,40.893,0.0,0.23478505426185226,7.414999999999999,0.0,33.478,44.489999999999995,6.080299999999999,245.358,33.53226,"The battery should be idle this hour as the grid import price is normal and there is a net deficit of energy, but the battery is not fully charged and has limited discharge capacity.",1,361
2024-04-11 14:00:00,6.0,28.863,1.279,36.471,0.0,0.23478505426185226,6.328999999999997,0.0,30.142,37.97399999999998,5.189779999999997,218.82599999999996,29.906219999999994,The battery should be idle since the grid import price is normal and there's a significant deficit in local generation to meet demand.,1,350
2024-04-11 15:00:00,6.0,25.744,3.545,39.457,0.0,0.23478505426185226,10.168,0.0,29.289,61.007999999999996,8.33776,236.74200000000002,32.35474,"The battery should be idle since the grid import price is normal and there's a significant net demand to be met, but the battery's state of charge is low and should be charged when the price is lower or there's surplus energy.",1,372
2024-04-11 16:00:00,6.0,13.503,0.0,46.211,0.0,0.23478505426185226,32.708,0.0,13.503,196.248,26.820559999999997,277.26599999999996,37.89302,The battery should be idle since the grid import price is normal and there's a significant deficit in local generation to meet demand.,1,350
2024-04-11 17:00:00,6.0,10.814,0.313,55.624,0.0,0.23478505426185226,44.497,0.0,11.127,266.98199999999997,36.487539999999996,333.744,45.61168,"The battery should be idle since the grid import price is normal and there's a significant net demand to be met, but the battery's low SoC and limited discharge capacity make it unwise to discharge further.",1,367
2024-04-11 18:00:00,8.0,1.026,10.053,62.519,-3.0,0.20316227766016845,48.44,0.0,11.079,387.52,39.7208,500.152,51.26557999999999,Discharge the battery to meet the high demand and reduce grid import during peak tariff hours.,1,343
2024-04-11 19:00:00,8.0,0.0,4.182,62.908,-0.30000000000000565,0.2,58.425999999999995,0.0,4.182,467.40799999999996,47.909319999999994,503.264,51.584559999999996,Discharge the battery at maximum rate to reduce peak hour grid import and associated costs.,1,342
2024-04-11 20:00:00,8.0,0.0,2.273,62.059,0.0,0.2,59.785999999999994,0.0,2.273,478.28799999999995,49.024519999999995,496.472,50.88838,Discharge the battery at maximum rate to reduce peak hour grid import and associated costs.,1,342
2024-04-11 21:00:00,8.0,0.0,0.0,52.32,0.0,0.2,52.32,0.0,0.0,418.56,42.9024,418.56,42.9024,Discharge the battery at maximum rate to reduce peak hour grid import and associated costs.,1,344
2024-04-11 22:00:00,4.0,0.0,1.17,44.463,25.0,0.43717082451262845,68.293,0.0,1.17,273.172,56.000260000000004,177.852,36.45966,Charge the battery at the maximum rate to utilize the off-peak tariff and available capacity.,1,345
2024-04-11 23:00:00,4.0,0.0,9.48,38.725,25.0,0.674341649025257,54.245000000000005,0.0,9.48,216.98000000000002,44.4809,154.9,31.7545,Charging the battery at the off-peak tariff is optimal to utilize the available capacity and prepare for potential peak hours ahead.,1,352
2024-04-12 00:00:00,4.0,0.0,0.182,37.726,25.0,0.9115124735378854,62.544,0.0,0.182,250.176,51.28607999999999,150.904,30.935319999999997,Charge the battery at the maximum rate during the off-peak hour to utilize the available capacity and prepare for potential peak hours.,1,352
2024-04-12 01:00:00,4.0,0.0,5.219,37.307,4.056941504209468,0.95,36.14494150420947,0.0,5.219,144.57976601683788,29.638852033451762,149.228,30.59174,Charge the battery at the maximum rate to utilize the off-peak tariff and available capacity.,1,345
2024-04-12 02:00:00,4.0,0.0,12.947,40.013,0.0,0.95,27.066,0.0,12.947,108.264,22.194119999999998,160.052,32.81066,"The battery is nearly fully charged, so no action is needed this hour.",1,342
2024-04-12 03:00:00,4.0,0.0,0.269,39.195,0.0,0.95,38.926,0.0,0.269,155.704,31.91932,156.78,32.1399,"The battery is nearly fully charged, so no action is needed to avoid exceeding the maximum state-of-charge.",1,349
2024-04-12 04:00:00,4.0,0.0,0.505,38.623,0.0,0.95,38.117999999999995,0.0,0.505,152.47199999999998,31.256759999999993,154.492,31.670859999999998,"The battery is nearly fully charged, so no action is needed to avoid exceeding the maximum state of charge.",1,348
2024-04-12 05:00:00,4.0,0.0,2.838,40.553,0.0,0.95,37.714999999999996,0.0,2.838,150.85999999999999,30.926299999999994,162.212,33.25346,"The battery is nearly fully charged, so no action is needed to avoid exceeding the maximum state of charge.",1,348
2024-04-12 06:00:00,6.0,0.948,1.206,44.562,0.0,0.95,42.408,0.0,2.154,254.448,34.77456,267.37199999999996,36.540839999999996,"The battery is nearly fully charged, so no action is needed to avoid exceeding the maximum state of charge.",1,346
2024-04-12 07:00:00,6.0,7.662,3.347,48.855,0.0,0.95,37.846,0.0,11.009,227.07599999999996,31.033719999999995,293.13,40.061099999999996,"The battery is nearly full, so it cannot charge and should remain idle to avoid exceeding its limits.",1,345
2024-04-12 08:00:00,6.0,15.239,1.682,53.635,0.0,0.95,36.714,0.0,16.921,220.284,30.105479999999996,321.81,43.9807,"The battery is nearly fully charged, so no action is needed to avoid exceeding the maximum state-of-charge.",1,347
2024-04-12 09:00:00,8.0,20.168,1.215,53.987,-25.0,0.686476861652635,7.603999999999999,0.0,21.383,60.831999999999994,6.235279999999999,431.896,44.26934,Discharge the battery at maximum rate to reduce peak hour grid import and associated costs.,1,342
2024-04-12 10:00:00,8.0,31.464,0.999,45.124,-25.0,0.42295372330527004,0.0,12.338999999999999,32.463,-37.016999999999996,0.0,360.992,37.00168,Discharge the battery at maximum rate to reduce peak hour grid import and lower cost.,1,344
2024-04-12 11:00:00,8.0,36.333,0.129,37.821,-21.151247353788527,0.19999999999999998,0.0,19.792247353788525,36.461999999999996,-59.376742061365576,0.0,302.568,31.013219999999997,Discharge the battery at maximum rate to reduce peak hour grid import and associated costs.,1,344
2024-04-12 12:00:00,6.0,36.55,0.273,41.303,0.0,0.19999999999999998,4.479999999999997,0.0,36.823,26.87999999999998,3.6735999999999973,247.81799999999998,33.86846,"The battery should not charge or discharge since the grid import price is normal and there's a net deficit of 5.1 kW, so it's best to use the available grid power.",1,364
2024-04-12 13:00:00,6.0,33.204,0.0,41.744,0.0,0.19999999999999998,8.54,0.0,33.204,51.239999999999995,7.002799999999999,250.464,34.23008,"The battery should be idle since the grid import price is normal and there is a net deficit of 4.5 kW, so discharging would help meet demand but is not possible as there is already a deficit and the battery is at a low SoC.",1,378
2024-04-12 14:00:00,6.0,20.398,0.585,41.513,0.0,0.19999999999999998,20.529999999999998,0.0,20.983,123.17999999999998,16.8346,249.07799999999997,34.040659999999995,The battery should not charge or discharge as the grid import price is normal and the solar and wind generation is not sufficient to meet the demand.,1,354
2024-04-12 15:00:00,6.0,23.061,5.092,42.232,0.0,0.19999999999999998,14.079,0.0,28.153,84.474,11.54478,253.392,34.63024,The battery should be idle since the grid import price is normal and there is a significant net demand that needs to be met.,1,351
2024-04-12 16:00:00,6.0,15.036,0.0,46.689,0.0,0.19999999999999998,31.653,0.0,15.036,189.918,25.95546,280.134,38.28498,The battery should not charge or discharge as the grid import price is normal and there's a significant deficit in local generation to meet demand.,1,353
2024-04-12 17:00:00,6.0,8.251,6.189,53.114,0.0,0.19999999999999998,38.674,0.0,14.44,232.04399999999998,31.71268,318.68399999999997,43.55347999999999,The battery should be idle this hour as the grid import price is normal and there is a significant net demand that needs to be met from the grid.,1,356
2024-04-12 18:00:00,8.0,1.328,0.0,60.389,0.0,0.19999999999999998,59.061,0.0,1.328,472.488,48.43002,483.112,49.51898,Discharge the battery at maximum rate to reduce peak hour grid import and associated costs.,1,343
2024-04-12 19:00:00,8.0,0.0,2.912,64.257,0.0,0.19999999999999998,61.345000000000006,0.0,2.912,490.76000000000005,50.3029,514.056,52.69074,Discharge the battery at maximum rate to reduce peak hour grid import and associated costs.,1,343
2024-04-12 20:00:00,8.0,0.0,0.0,61.477,0.0,0.19999999999999998,61.477,0.0,0.0,491.816,50.411139999999996,491.816,50.411139999999996,Discharge the battery at maximum rate to reduce peak hour grid import and associated costs.,1,345
2024-04-12 21:00:00,8.0,0.0,1.849,54.072,0.0,0.19999999999999998,52.223000000000006,0.0,1.849,417.78400000000005,42.822860000000006,432.576,44.33904,Discharge the battery at maximum rate to reduce peak hour grid import and associated costs.,1,345
2024-04-12 22:00:00,4.0,0.0,4.683,39.562,25.0,0.43717082451262845,59.879,0.0,4.683,239.516,49.10077999999999,158.248,32.440839999999994,Charging the battery at the off-peak tariff is optimal to utilize the available capacity and prepare for potential future peak hours.,1,353
2024-04-12 23:00:00,4.0,0.0,4.864,43.686,25.0,0.674341649025257,63.822,0.0,4.864,255.288,52.33404,174.744,35.82252,Charging the battery at the off-peak tariff is optimal to utilize excess capacity and prepare for potential peak hours ahead.,1,351
2024-04-13 00:00:00,4.0,0.0,0.174,38.399,25.0,0.9115124735378854,63.225,0.0,0.174,252.9,51.8445,153.596,31.48718,Charge the battery at the maximum rate during the off-peak hour to utilize the low tariff and available capacity.,1,351
2024-04-13 01:00:00,4.0,0.0,2.852,35.285,0.0,0.9115124735378854,32.433,0.0,2.852,129.732,26.595059999999997,141.14,28.933699999999995,"The battery is nearly full and the grid import price is low, so there's no need to charge or discharge.",1,350
2024-04-13 02:00:00,4.0,0.0,8.112,38.401,0.0,0.9115124735378854,30.289,0.0,8.112,121.156,24.83698,153.604,31.48882,"The battery is nearly full and the grid price is low, so there's no need to charge or discharge.",1,349
2024-04-13 03:00:00,4.0,0.0,0.834,38.664,4.056941504209468,0.95,41.88694150420947,0.0,0.834,167.54776601683787,34.34729203345176,154.656,31.70448,Charge the battery at the maximum rate during the off-peak hour to utilize the low tariff and available capacity.,1,349
2024-04-13 04:00:00,4.0,0.0,1.703,35.295,0.0,0.95,33.592,0.0,1.703,134.368,27.545439999999996,141.18,28.9419,"The battery is nearly full, so no charging is possible, and discharging is not beneficial during off-peak hours.",1,351
2024-04-13 05:00:00,4.0,0.0,6.552,38.785,0.0,0.95,32.233,0.0,6.552,128.932,26.431059999999995,155.14,31.803699999999996,"The battery is nearly full, so no charging is possible and discharging is not beneficial during an off-peak hour.",1,351
2024-04-13 06:00:00,6.0,0.996,10.48,42.078,0.0,0.95,30.602000000000004,0.0,11.476,183.61200000000002,25.09364,252.46800000000002,34.50396,"The battery is nearly full, so no charging is possible, and discharging is not beneficial given the normal grid tariff.",1,349
2024-04-13 07:00:00,6.0,10.984,4.332,48.304,0.0,0.95,32.988,0.0,15.315999999999999,197.928,27.050159999999998,289.824,39.60928,"The battery is nearly full, so no charging is possible, and discharging is not beneficial given the normal grid tariff.",1,349
2024-04-13 08:00:00,6.0,13.534,4.946,54.441,0.0,0.95,35.961,0.0,18.48,215.766,29.48802,326.646,44.641619999999996,"The battery is nearly full, so it should remain idle to avoid overcharging.",1,341
2024-04-13 09:00:00,8.0,25.044,0.0,49.007,0.0,0.95,23.962999999999997,0.0,25.044,191.70399999999998,19.649659999999997,392.056,40.185739999999996,"The battery is nearly full and cannot charge further, so it should remain idle this hour.",1,343
2024-04-13 10:00:00,8.0,20.794,1.895,44.477,-25.0,0.686476861652635,0.0,3.2120000000000033,22.689,-9.63600000000001,0.0,355.816,36.47114,Discharge the battery at maximum rate to reduce peak hour grid import and associated costs.,1,344
2024-04-13 11:00:00,8.0,26.417,0.0,41.553,-10.0,0.581067606313689,5.135999999999996,0.0,26.417,41.087999999999965,4.211519999999997,332.424,34.07346,Discharge the battery to meet the net demand and reduce grid import at peak tariff.,1,344
2024-04-13 12:00:00,6.0,28.098,2.122,37.616,-8.2,0.4946320169357533,0.0,0.8039999999999985,30.22,-2.4119999999999955,0.0,225.696,30.845119999999998,Discharge the battery to meet the net demand and avoid grid import at the normal tariff.,1,345
2024-04-13 13:00:00,6.0,31.588,0.094,39.85,-4.4,0.4482519445866171,3.767999999999999,0.0,31.682000000000002,22.607999999999993,3.0897599999999987,239.10000000000002,32.677,Discharge the battery to meet the net demand and avoid grid import at the normal tariff.,1,345
2024-04-13 14:00:00,6.0,27.657,2.609,41.649,-10.6,0.3365181339273344,0.783000000000003,0.0,30.266,4.698000000000018,0.6420600000000024,249.894,34.15218,Discharge the battery to meet the demand and reduce grid import at the normal tariff.,1,344
2024-04-13 15:00:00,6.0,20.867,7.944,42.569,-12.95124735378853,0.2,0.8067526462114731,0.0,28.811,4.840515877268839,0.6615371698934079,255.41400000000002,34.90658,Discharge the battery to meet the demand and reduce grid import at the normal tariff.,1,344
2024-04-13 16:00:00,6.0,16.588,0.003,46.099,0.0,0.2,29.507999999999996,0.0,16.591,177.04799999999997,24.196559999999995,276.594,37.801179999999995,"The battery should be idle as the grid import price is normal and there is a significant deficit in power, but the battery is already at its minimum state of charge.",1,358
2024-04-13 17:00:00,6.0,10.26,3.396,52.598,0.0,0.2,38.942,0.0,13.655999999999999,233.652,31.93244,315.58799999999997,43.130359999999996,The battery should not charge or discharge as the grid import price is normal and the battery's state of charge is low but has limited discharge capacity available.,1,355
2024-04-13 18:00:00,8.0,0.975,0.0,57.543,0.0,0.2,56.568,0.0,0.975,452.544,46.38576,460.344,47.18526,Discharge the battery at maximum rate to reduce peak hour grid import and associated costs.,1,342
2024-04-13 19:00:00,8.0,0.0,0.0,60.948,0.0,0.2,60.948,0.0,0.0,487.584,49.97736,487.584,49.97736,Discharge the battery at maximum rate to reduce peak hour grid import and associated costs.,1,342
2024-04-13 20:00:00,8.0,0.0,0.0,54.406,0.0,0.2,54.406,0.0,0.0,435.248,44.612919999999995,435.248,44.612919999999995,Discharge the battery at maximum rate to reduce peak hour grid import and associated costs.,1,342
2024-04-13 21:00:00,8.0,0.0,0.0,50.74,0.0,0.2,50.74,0.0,0.0,405.92,41.6068,405.92,41.6068,Discharge the battery at maximum rate to reduce peak hour grid import and associated costs.,1,342
2024-04-13 22:00:00,4.0,0.0,1.596,45.683,25.0,0.43717082451262845,69.087,0.0,1.596,276.348,56.65134,182.732,37.46006,Charge the battery at maximum rate during off-peak hours to utilize cheap grid energy and prepare for potential peak hours.,1,350
2024-04-13 23:00:00,4.0,0.0,0.0,40.726,25.0,0.674341649025257,65.726,0.0,0.0,262.904,53.89532,162.904,33.39532,Charging the battery at the off-peak tariff is optimal to utilize the available capacity and prepare for potential peak hours ahead.,1,352
2024-04-14 00:00:00,4.0,0.0,2.391,43.005,25.0,0.9115124735378854,65.614,0.0,2.391,262.456,53.80348,172.02,35.2641,Charge the battery at the off-peak tariff to utilize excess capacity and prepare for potential peak hours.,1,347
2024-04-14 01:00:00,4.0,0.0,0.0,37.617,0.0,0.9115124735378854,37.617,0.0,0.0,150.468,30.845939999999995,150.468,30.845939999999995,"The battery is near its maximum state of charge and the grid price is low, so there's no need to charge or discharge.",1,353
2024-04-14 02:00:00,4.0,0.0,5.177,34.44,0.0,0.9115124735378854,29.262999999999998,0.0,5.177,117.05199999999999,23.995659999999997,137.76,28.240799999999997,"The battery is near full capacity and the grid price is low, so there's no need to charge or discharge.",1,350
2024-04-14 03:00:00,4.0,0.0,8.225,38.169,0.0,0.9115124735378854,29.943999999999996,0.0,8.225,119.77599999999998,24.554079999999995,152.676,31.298579999999994,"The battery is near full capacity and the grid price is low, so there's no need to charge or discharge.",1,350
2024-04-14 04:00:00,4.0,0.0,1.109,40.094,0.0,0.9115124735378854,38.985,0.0,1.109,155.94,31.967699999999997,160.376,32.87708,"The battery is near its maximum state of charge and the grid price is low, so no action is needed.",1,349
2024-04-14 05:00:00,4.0,0.0,17.102,38.325,0.0,0.9115124735378854,21.223000000000003,0.0,17.102,84.89200000000001,17.40286,153.3,31.4265,"The battery is nearly full and it's off-peak, so no action is needed.",1,345
2024-04-14 06:00:00,6.0,1.142,1.607,44.217,0.0,0.9115124735378854,41.467999999999996,0.0,2.7489999999999997,248.808,34.00375999999999,265.302,36.25794,"The battery is nearly full and the grid price is normal, so no action is needed.",1,343
2024-04-14 07:00:00,6.0,9.287,2.471,50.105,0.0,0.9115124735378854,38.346999999999994,0.0,11.758000000000001,230.08199999999997,31.444539999999993,300.63,41.086099999999995,"The battery is nearly full and the grid import price is normal, so no action is needed.",1,344
2024-04-14 08:00:00,6.0,11.116,0.0,53.181,0.0,0.9115124735378854,42.065,0.0,11.116,252.39,34.4933,319.086,43.608419999999995,"The battery is nearly full and the grid price is normal, so no action is needed.",1,343
2024-04-14 09:00:00,8.0,25.884,6.929,49.055,-25.0,0.6479893351905205,0.0,8.758000000000003,32.813,-26.274000000000008,0.0,392.44,40.2251,Discharge the battery at maximum rate to reduce peak hour grid import and lower cost.,1,342
2024-04-14 10:00:00,8.0,31.287,2.623,46.485,-15.0,0.4898754521821015,0.0,2.424999999999997,33.91,-7.2749999999999915,0.0,371.88,38.1177,Discharge the battery to meet the net demand and reduce grid import at peak tariff.,1,344
2024-04-14 11:00:00,8.0,36.109,0.657,44.413,-25.0,0.22635231383473653,0.0,17.35300000000001,36.766000000000005,-52.059000000000026,0.0,355.304,36.418659999999996,Discharge the battery at maximum rate to reduce peak hour grid import and associated costs.,1,342
2024-04-14 12:00:00,6.0,22.96,4.257,36.805,0.0,0.22635231383473653,9.588000000000001,0.0,27.217,57.528000000000006,7.86216,220.82999999999998,30.1801,The battery should be idle since the net demand is already higher than the available renewable energy and the grid price is normal.,1,349
2024-04-14 13:00:00,6.0,35.607,0.0,35.681,0.0,0.22635231383473653,0.07399999999999807,0.0,35.607,0.4439999999999884,0.06067999999999841,214.08599999999998,29.258419999999997,"The battery should be idle since the net demand is slightly higher than the available renewable energy and the grid price is normal, not peak.",1,352
2024-04-14 14:00:00,6.0,21.484,0.0,38.064,0.0,0.22635231383473653,16.58,0.0,21.484,99.47999999999999,13.595599999999997,228.38400000000001,31.21248,The battery should be idle since the grid import price is normal and there's a significant deficit in local generation to meet demand.,1,350
2024-04-14 15:00:00,6.0,19.973,0.047,43.69,0.0,0.22635231383473653,23.669999999999998,0.0,20.02,142.01999999999998,19.409399999999998,262.14,35.825799999999994,The battery should not charge or discharge as the grid import price is normal and the battery's state of charge is low but has limited discharge capacity.,1,354
2024-04-14 16:00:00,6.0,17.545,1.007,44.383,0.0,0.22635231383473653,25.831,0.0,18.552000000000003,154.986,21.18142,266.298,36.39406,The battery should be idle since the grid import price is normal and there's a significant deficit in local generation to meet demand.,1,350
2024-04-14 17:00:00,6.0,9.706,2.404,51.621,0.0,0.22635231383473653,39.511,0.0,12.11,237.06600000000003,32.39902,309.726,42.32922,The battery should be idle as the grid import price is normal and there is a significant deficit in local generation to meet demand.,1,350
2024-04-14 18:00:00,8.0,1.207,2.364,54.928,-2.500000000000002,0.2,48.857,0.0,3.5709999999999997,390.856,40.06274,439.424,45.04096,Discharge the battery at maximum rate to reduce peak hour grid import and associated costs.,1,342
2024-04-14 19:00:00,8.0,0.0,0.0,62.818,0.0,0.2,62.818,0.0,0.0,502.544,51.51076,502.544,51.51076,Discharge the battery at maximum rate to reduce peak hour grid import and lower cost.,1,344
2024-04-14 20:00:00,8.0,0.0,0.0,56.162,0.0,0.2,56.162,0.0,0.0,449.296,46.052839999999996,449.296,46.052839999999996,Discharge the battery at maximum rate to reduce peak hour grid import and associated costs.,1,342
2024-04-14 21:00:00,8.0,0.0,7.006,51.388,0.0,0.2,44.382,0.0,7.006,355.056,36.39324,411.104,42.13816,Discharge the battery at maximum rate to reduce peak hour grid import and associated costs.,1,344
2024-04-14 22:00:00,4.0,0.0,0.0,43.307,25.0,0.43717082451262845,68.307,0.0,0.0,273.228,56.011739999999996,173.228,35.51174,Charging the battery at the off-peak tariff is optimal to utilize the available capacity and prepare for potential peak hours ahead.,1,352
2024-04-14 23:00:00,4.0,0.0,8.027,39.092,25.0,0.674341649025257,56.065,0.0,8.027,224.26,45.973299999999995,156.368,32.05544,Charge the battery at the maximum rate to utilise the off-peak tariff and available capacity.,1,347
